Sample,Forward,Reverse
IB1,TGCATCAG,ATATCAGC
IB2,TGCATCAG,TCGTCAGC
IB3,TGCATCAG,TGATGAGC
IB4,TGCATCAG,TGTATAGC
IS1,TGCATCAG,TCGCTAGC
IS3,TGCATCAG,TATCTAGC
IS4,TGCATCAG,ATAGTAGC
2B1,ACGATCAG,ATATCAGC
2B2,ACGATCAG,TCGTCAGC
2B3,ACGATCAG,TGATGAGC
2B4,ACGATCAG,TGTATAGC
2S1,ACGATCAG,TCGCTAGC
2S2,ACGATCAG,ATGCTAGC
2S3,ACGATCAG,TATCTAGC
2S4,ACGATCAG,ATAGTAGC
3B1,TCACTCAG,ATATCAGC
3B2,TCACTCAG,TCGTCAGC
3B3,TCACTCAG,TGATGAGC
3B4,TCACTCAG,TGTATAGC
3S1,TCACTCAG,TCGCTAGC
3S2,TCACTCAG,ATGCTAGC
3S3,TCACTCAG,TATCTAGC
3S4,TCACTCAG,ATAGTAGC
4B1,TATCTCAG,ATATCAGC
4B2,TATCTCAG,TCGTCAGC
4B3,TATCTCAG,TGATGAGC
4B4,TATCTCAG,TGTATAGC
4S1,TATCTCAG,TCGCTAGC
4S3,TATCTCAG,TATCTAGC
4S4,TATCTCAG,ATAGTAGC
5B1,AGTCTCAG,ATATCAGC
5B2,AGTCTCAG,TCGTCAGC
5B3,AGTCTCAG,TGATGAGC
5B4,AGTCTCAG,TGTATAGC
5S1,AGTCTCAG,TCGCTAGC
5S2,AGTCTCAG,ATGCTAGC
5S3,AGTCTCAG,TATCTAGC
5S4,AGTCTCAG,ATAGTAGC
6B1,TACGTCAG,ATATCAGC
6B2,TACGTCAG,TCGTCAGC
6B3,TACGTCAG,TGATGAGC
6B4,TACGTCAG,TGTATAGC
6S1,TACGTCAG,TCGCTAGC
6S2,TACGTCAG,ATGCTAGC
6S3,TACGTCAG,TATCTAGC
6S4,TACGTCAG,ATAGTAGC
7B1,TGTGTCAG,ATATCAGC
7B2,TGTGTCAG,TCGTCAGC
7B3,TGTGTCAG,TGATGAGC
7B4,TGTGTCAG,TGTATAGC
7S1,TGTGTCAG,TCGCTAGC
7S3,TGTGTCAG,TATCTAGC
7S4,TGTGTCAG,ATAGTAGC
PosiC,TGCATCAG,TGCGTAGC
